id;nome;data_nascimento;email;pais
1;Brielle;18/04/2018;Cras.pellentesque@eleifendegestas.co.uk;Svalbard and Jan Mayen Islands
2;Unity;25/01/2017;dui.quis.accumsan@Fusce.net;Greenland
3;Jeremy;11/01/2017;sollicitudin@dolor.co.uk;Sudan
4;Chloe;28/03/2018;Mauris.vel.turpis@montes.co.uk;Tuvalu
5;Ray;13/07/2017;pede.nec@sedsapienNunc.org;Faroe Islands
6;Malik;07/08/2018;erat.in@metusInnec.co.uk;Mongolia
7;Yvette;21/08/2017;ullamcorper@nislNulla.com;Sint Maarten
8;Raymond;20/08/2018;ac.turpis.egestas@tincidunt.ca;Saint Vincent and The Grenadines
9;Germane;10/11/2017;Nunc@sociisnatoque.com;Bouvet Island
10;Clinton;23/10/2017;orci.adipiscing@ornarelibero.org;China
11;Irma;09/09/2018;turpis.vitae.purus@ac.edu;Finland
12;Arthur;24/01/2017;et@laciniaorci.edu;Djibouti
13;Rhona;29/07/2017;ridiculus.mus@interdumNunc.com;Israel
14;Nita;14/12/2017;feugiat.nec.diam@dolor.edu;Mozambique
15;Kelly;03/04/2018;felis@Mauris.co.uk;Saint Barthélemy
16;Benjamin;12/09/2018;Ut@etnetuset.co.uk;Yemen
17;Raphael;06/12/2018;vel.faucibus.id@vulputateposuerevulputate.ca;Panama
18;Grace;23/03/2018;volutpat@tristiquealiquetPhasellus.ca;Niger
19;Simon;17/07/2017;eu.ultrices@dui.com;Mongolia
20;Ignatius;03/06/2017;Aenean.gravida@sitametnulla.net;Armenia
21;Kirk;10/06/2018;purus.Nullam.scelerisque@commodohendrerit.org;Korea, South
22;Rhonda;27/10/2018;justo@nibhvulputate.ca;Iraq
23;Buffy;20/10/2017;et@tempuseuligula.edu;United States Minor Outlying Islands
24;Burke;12/10/2017;eu@interdumNunc.co.uk;Guam
25;Paki;21/07/2017;feugiat@ut.edu;Hungary
26;Joan;10/04/2018;posuere.cubilia@facilisisSuspendisse.com;Colombia
27;Kelly;04/05/2017;at.iaculis.quis@dui.ca;Guinea
28;Lance;28/07/2017;tortor.at.risus@mauriselit.org;Estonia
29;Georgia;03/01/2017;risus.a@amet.com;Papua New Guinea
30;Yeo;28/02/2018;at@Vivamus.org;Suriname
31;Brenna;16/10/2018;risus.Donec@eu.co.uk;Angola
32;Fulton;20/04/2017;non.egestas@Donecsollicitudin.org;Rwanda
33;Lucius;10/12/2017;Aenean.sed@Nuncpulvinar.co.uk;Japan
34;Bell;19/08/2017;enim.Suspendisse.aliquet@eleifend.edu;Samoa
35;Brady;05/10/2018;ipsum@semper.com;Grenada
36;Hoyt;27/01/2017;molestie.sodales@vulputate.ca;Equatorial Guinea
37;Charissa;17/04/2017;luctus.felis.purus@luctus.com;French Guiana
38;Illiana;19/06/2018;nibh.Phasellus@massa.org;Brunei
39;Alan;29/10/2017;congue.turpis@aduiCras.org;New Caledonia
40;Nathaniel;25/07/2018;eu@iaculisnec.org;Romania
41;Iliana;01/03/2017;ornare@etnetus.org;Côte D'Ivoire (Ivory Coast)
42;Hamish;11/11/2018;Donec.sollicitudin@mipede.net;Côte D'Ivoire (Ivory Coast)
43;Hunter;26/02/2018;sodales.Mauris@ultrices.com;Sao Tome and Principe
44;Whilemina;09/10/2018;vel@adipiscingligulaAenean.com;Switzerland
45;Kylee;21/03/2017;Ut.tincidunt@Nunc.net;South Georgia and The South Sandwich Islands
46;Glenna;14/07/2018;vitae.risus.Duis@NullamnislMaecenas.co.uk;Egypt
47;Candice;07/09/2017;odio.tristique@magnisdisparturient.com;Denmark
48;Hakeem;07/04/2017;Sed.neque.Sed@laoreetlectus.ca;Bahrain
49;Kyra;09/06/2018;Phasellus.fermentum.convallis@consectetuer.edu;Poland
50;Ashely;06/05/2017;risus.varius@interdumfeugiatSed.com;Austria
51;Maryam;18/10/2018;adipiscing.ligula@ullamcorperDuis.net;Saudi Arabia
52;Kieran;23/08/2018;montes.nascetur@tellusloremeu.ca;Swaziland
53;Justin;26/04/2018;molestie.dapibus@vitaeposuere.net;Greece
54;Sylvester;24/04/2018;tellus.imperdiet@Nunclectus.com;Bonaire, Sint Eustatius and Saba
55;Kiara;07/09/2018;placerat@dapibusgravidaAliquam.edu;French Polynesia
56;Maisie;09/05/2017;non@dapibusidblandit.co.uk;Tokelau
57;Nicole;29/07/2017;mauris.aliquam.eu@Donecest.net;Cameroon
58;Neil;21/01/2018;iaculis.aliquet@gravidanonsollicitudin.org;Virgin Islands, United States
59;Sacha;08/08/2018;vulputate@magna.ca;Hong Kong
60;Sigourney;20/02/2017;placerat.Cras.dictum@Cras.co.uk;Botswana
61;Raya;13/02/2017;accumsan.interdum@Namnullamagna.co.uk;Swaziland
62;Joshua;13/10/2018;Curabitur.consequat@mattis.com;Saint Pierre and Miquelon
63;Indira;24/12/2018;ipsum@laoreetposuereenim.com;Albania
64;Inga;29/12/2018;Nulla@nullaInteger.net;British Indian Ocean Territory
65;Natalie;14/05/2018;dui@dictumProineget.org;Rwanda
66;Imani;22/08/2017;adipiscing@volutpat.co.uk;Bahamas
67;Constance;06/12/2017;tellus@a.edu;Guinea-Bissau
68;Dane;01/06/2018;magnis.dis@elitCurabitursed.co.uk;Angola
69;Jonas;11/03/2017;est@auctorquistristique.org;Cape Verde
70;Laura;28/06/2018;et.netus@sitamet.ca;South Sudan
71;Xandra;07/03/2017;blandit.congue@porttitor.net;Pakistan
72;Lee;26/08/2017;sapien@justofaucibuslectus.org;Spain
73;Aiko;13/12/2017;nunc.interdum@tinciduntcongueturpis.ca;Tanzania
74;Portia;06/01/2018;auctor.quis@feliseget.ca;Marshall Islands
75;Keane;10/12/2017;Nullam.velit.dui@sapienimperdiet.co.uk;Northern Mariana Islands
76;Yardley;04/05/2018;vulputate.risus@facilisis.edu;Zimbabwe
77;Jacob;19/07/2018;auctor.odio@eliteratvitae.co.uk;Monaco
78;Megan;10/02/2017;consectetuer@egestasFuscealiquet.org;Gabon
79;Charity;14/12/2017;Nam.consequat@tinciduntdui.ca;Austria
80;Ciaran;14/08/2018;scelerisque.neque@suscipit.com;France
81;Marshall;10/12/2017;nec.mauris.blandit@In.com;Denmark
82;Henry;03/10/2018;sed@semperdui.com;Zimbabwe
83;Madeson;13/11/2017;libero@etnetus.ca;Palau
84;Vance;25/08/2017;Nam.tempor.diam@orciluctus.edu;Svalbard and Jan Mayen Islands
85;Lavinia;17/06/2018;arcu.Vestibulum.ante@sapienCrasdolor.edu;Faroe Islands
86;Ora;09/11/2017;In.mi.pede@vellectusCum.edu;Slovenia
87;Giselle;27/09/2018;fringilla@sodalesatvelit.net;Gambia
88;Aidan;05/07/2018;vitae@Sedeu.net;Liechtenstein
89;Hall;30/11/2017;magna@adlitoratorquent.co.uk;Mauritius
90;Halee;08/06/2017;sed.turpis.nec@egestas.co.uk;Myanmar
91;Amela;10/10/2017;tellus@porttitorvulputate.co.uk;Iraq
92;Brock;04/12/2018;risus.at.fringilla@inmagna.edu;Svalbard and Jan Mayen Islands
93;Logan;15/02/2018;Sed.id.risus@faucibusleoin.com;Tuvalu
94;Quinn;14/01/2017;arcu.Vestibulum.ante@Quisque.ca;Romania
95;Suki;04/03/2018;Ut.semper.pretium@interdumSedauctor.com;Korea, North
96;Buffy;14/12/2018;gravida@vel.edu;Eritrea
97;Odysseus;07/10/2018;aliquet.Proin@Etiamligula.net;Botswana
98;Tanya;02/06/2017;varius.Nam.porttitor@laoreetposuere.com;Belgium
99;Declan;02/05/2017;Maecenas@commodoauctor.net;Panama
100;Byron;14/02/2017;quam.quis@molestie.edu;Ecuador
